<?xml version="1.0" encoding="UTF-8"?>
<!DOCTYPE mapper PUBLIC "//mybatis.org/DTD Mapper 3.0//EN" "http://mybatis.org/dtd/mybatis-3-mapper.dtd" >
<mapper namespace="com.suwon.ezen.mapper.MemberMapper">
	<select id="checkIdDupli" resultType="com.suwon.ezen.vo.MemberVO" parameterType="String">
    	select * from ipetMember where id = #{id}
	</select>
	
	<insert id="register" parameterType="com.suwon.ezen.vo.MemberVO">
		insert into ipetMember values (null,#{name},#{phone},#{address1},#{address2},#{email},#{id},#{password},default,default)
	</insert>
	
		<!-- 이메일과 인증번호를 서버에 저장 -->
	<insert id="insertAuth" parameterType="com.suwon.ezen.vo.EmailAuthVO">
		insert into emailAuth values(#{email}, #{auth})
	</insert>
	<!-- 이메일을 조건으로 하여 인증 번호를 가져온다. -->
	<select id="selectAuth" resultType="String">
		select auth from emailAuth where email = #{email}
	</select>
	
	<!-- 이메일을 조건으로 하여 인증 번호를 삭제한다. -->
	<delete id="deleteAuth">
		delete from emailAuth where email = #{email}
	</delete>
	
	<select id="getMemberList" resultType="com.suwon.ezen.vo.MemberVO">
		select * from ipetMember where auth='m' order by mno desc limit 15 offset #{offset}
	</select>
	<select id="getMemberCount" resultType="int">
		select count(*) from ipetMember where auth='m'
	</select>
	<select id="getByMno" resultType="com.suwon.ezen.vo.MemberVO" parameterType="int">
    	select * from ipetMember where mno = #{mno}
	</select>
	<update id="update" parameterType="com.suwon.ezen.vo.MemberVO">
		update ipetMember set name=#{name}, phone=#{phone}, address1=#{address1},address2=#{address2} where mno=#{mno}
	</update>
	<delete id="delete" parameterType="int" >
		delete from ipetMember where mno=#{mno}
	</delete>
	<select id="getId" parameterType="String" resultType="String">
		select id from ipetMember where name=#{name} and email=#{email}
	</select>
	
	<select id="checkMember" parameterType="String" resultType="com.suwon.ezen.vo.MemberVO">
		select * from ipetMember where id=#{id} and email=#{email}
	</select>
	
	<update id="updatePwd" parameterType="com.suwon.ezen.vo.MemberVO">
		update ipetMember set password=#{password} where id=#{id} and email=#{email}
	</update>
	<select id="searchAuth" resultType="String">
		select auth from ipetMember where email = #{email}
	</select>
	<select id="getCreateRate" resultType="hashmap">
		select DATE_FORMAT(createdate,'%Y-%m-%d') as createdate, count(*) as regmember 
		from ipetmember group by DATE_FORMAT(createdate,'%Y-%m-%d') order by createdate asc
	</select>
</mapper>
  