<?xml version="1.0" encoding="UTF-8"?>
<beans:beans xmlns="http://www.springframework.org/schema/mvc"
	xmlns:websocket="http://www.springframework.org/schema/websocket"
	xmlns:xsi="http://www.w3.org/2001/XMLSchema-instance"
	xmlns:beans="http://www.springframework.org/schema/beans"
	xmlns:context="http://www.springframework.org/schema/context"
	xsi:schemaLocation="http://www.springframework.org/schema/mvc https://www.springframework.org/schema/mvc/spring-mvc.xsd
		http://www.springframework.org/schema/beans https://www.springframework.org/schema/beans/spring-beans.xsd
		http://www.springframework.org/schema/context https://www.springframework.org/schema/context/spring-context.xsd
		http://www.springframework.org/schema/websocket
		http://www.springframework.org/schema/websocket/spring-websocket.xsd"
		>
	
	
	<beans:bean id="webSocketHandler" class="com.suwon.ezen.websocket.WebSocketHandler"></beans:bean>
		<websocket:handlers>
			<websocket:mapping handler="webSocketHandler" path="/chatting"/>
			<websocket:handshake-interceptors>
				<beans:bean class="org.springframework.web.socket.server.support.HttpSessionHandshakeInterceptor"></beans:bean>
			</websocket:handshake-interceptors>
		</websocket:handlers>
	
	
    <beans:bean id="AdminIntercepter"    
	 class="com.suwon.ezen.intercepter.AdminIntercepter" />
	<interceptors>
		<interceptor>
			<mapping path="/admin/*"/>
			<mapping path="/products/insert"/>
			<mapping path="/products/update"/>
			<beans:ref bean="AdminIntercepter"/>
		</interceptor>
	</interceptors>
	
	<beans:bean id="MemberIntercepter"
	 class="com.suwon.ezen.intercepter.MemberIntercepter" />
	<interceptors>
		<interceptor>
			<mapping path="/community/insert"/>
			<mapping path="/community/modify"/>
			<mapping path="/member/mypage"/>
			<mapping path="/member/cart"/>
			<mapping path="/member/history"/>
			<beans:ref bean="MemberIntercepter"/>
		</interceptor>
	</interceptors>
	
	 <beans:bean id="ProductIntercepter"
	 class="com.suwon.ezen.intercepter.ProductIntercepter" />
	<interceptors>
		<interceptor>
		<mapping path="/products/*"/>
			<beans:ref bean="ProductIntercepter"/>
		</interceptor>
	</interceptors>
	
	 <beans:bean id="CommunityInterceptor"
	 class="com.suwon.ezen.intercepter.CommunityIntercepter" />
	<interceptors>
		<interceptor>
		<mapping path="/community/*"/>
			<beans:ref bean="CommunityInterceptor"/>
		</interceptor>
	</interceptors>
	<!-- 파일 업로드 관련 -->
	  <beans:bean id="multipartResolver"
                class="org.springframework.web.multipart.commons.CommonsMultipartResolver">
        <!-- 
        	setting maximum upload size
            최대 크기 설정
            <beans:property name="maxUploadSize" value="-1"/>
        -->
        <beans:property name="maxUploadSize" value="209715200"/> <!-- 20MB --> <!-- max size of file in memory (in bytes) -->
        <beans:property name="maxInMemorySize" value="1048576"/> <!-- 1MB -->
    </beans:bean>
	
    
	<!-- DispatcherServlet Context: defines this servlet's request-processing infrastructure -->
	
	<!-- Enables the Spring MVC @Controller programming model -->
	<annotation-driven />

	<!-- Handles HTTP GET requests for /resources/** by efficiently serving up static resources in the ${webappRoot}/resources directory -->
	<resources mapping="/resources/**" location="/resources/" />

	<!-- Resolves views selected for rendering by @Controllers to .jsp resources in the /WEB-INF/views directory -->
	<beans:bean class="org.springframework.web.servlet.view.InternalResourceViewResolver">
		<beans:property name="prefix" value="/WEB-INF/views/" />
		<beans:property name="suffix" value=".jsp" />
	</beans:bean>
	
	<context:component-scan base-package="com.suwon.ezen" />
	
	
	
	
	
</beans:beans>